{
  "dataset": "imdb",
  "dataset_path": null,
  "seed": 42,
  "vectorizer": "bow",
  "model": "logreg",
  "max_features": 20000,
  "ngram_max": 2,
  "replace_number": false,
  "drop_punct": false,
  "splits": {
    "train": 40000,
    "val": 5000,
    "test": 5000
  },
  "val": {
    "accuracy": 0.889,
    "macro_f1": 0.8889996403588347,
    "weighted_f1": 0.8889996403588347,
    "labels": [
      "negative",
      "positive"
    ],
    "classification_report": {
      "negative": {
        "precision": 0.8876046233559187,
        "recall": 0.8908,
        "f1-score": 0.8891994410061889,
        "support": 2500.0
      },
      "positive": {
        "precision": 0.8904054596547571,
        "recall": 0.8872,
        "f1-score": 0.8887998397114807,
        "support": 2500.0
      },
      "accuracy": 0.889,
      "macro avg": {
        "precision": 0.8890050415053379,
        "recall": 0.889,
        "f1-score": 0.8889996403588347,
        "support": 5000.0
      },
      "weighted avg": {
        "precision": 0.889005041505338,
        "recall": 0.889,
        "f1-score": 0.8889996403588347,
        "support": 5000.0
      }
    }
  },
  "test": {
    "accuracy": 0.8946,
    "macro_f1": 0.8945987815619149,
    "weighted_f1": 0.8945987815619149,
    "labels": [
      "negative",
      "positive"
    ],
    "classification_report": {
      "negative": {
        "precision": 0.8973016512283528,
        "recall": 0.8912,
        "f1-score": 0.8942404174192253,
        "support": 2500.0
      },
      "positive": {
        "precision": 0.8919348430671434,
        "recall": 0.898,
        "f1-score": 0.8949571457046044,
        "support": 2500.0
      },
      "accuracy": 0.8946,
      "macro avg": {
        "precision": 0.8946182471477482,
        "recall": 0.8946000000000001,
        "f1-score": 0.8945987815619149,
        "support": 5000.0
      },
      "weighted avg": {
        "precision": 0.8946182471477481,
        "recall": 0.8946,
        "f1-score": 0.8945987815619149,
        "support": 5000.0
      }
    }
  },
  "generated_at": "2026-04-19T17:28:11.872835+00:00",
  "notes": "Split trước, fit vectorizer trên train, evaluate trên val/test để tránh leakage."
}