{
  "dataset": "imdb",
  "dataset_path": null,
  "seed": 42,
  "vectorizer": "tfidf",
  "model": "linearsvm",
  "max_features": 20000,
  "ngram_max": 2,
  "replace_number": false,
  "drop_punct": false,
  "splits": {
    "train": 40000,
    "val": 5000,
    "test": 5000
  },
  "val": {
    "accuracy": 0.9126,
    "macro_f1": 0.9125999965039999,
    "weighted_f1": 0.9125999965039998,
    "labels": [
      "negative",
      "positive"
    ],
    "classification_report": {
      "negative": {
        "precision": 0.912765106042417,
        "recall": 0.9124,
        "f1-score": 0.9125825165033007,
        "support": 2500.0
      },
      "positive": {
        "precision": 0.9124350259896041,
        "recall": 0.9128,
        "f1-score": 0.912617476504699,
        "support": 2500.0
      },
      "accuracy": 0.9126,
      "macro avg": {
        "precision": 0.9126000660160105,
        "recall": 0.9126,
        "f1-score": 0.9125999965039999,
        "support": 5000.0
      },
      "weighted avg": {
        "precision": 0.9126000660160105,
        "recall": 0.9126,
        "f1-score": 0.9125999965039998,
        "support": 5000.0
      }
    }
  },
  "test": {
    "accuracy": 0.91,
    "macro_f1": 0.90999099909991,
    "weighted_f1": 0.90999099909991,
    "labels": [
      "negative",
      "positive"
    ],
    "classification_report": {
      "negative": {
        "precision": 0.9183673469387755,
        "recall": 0.9,
        "f1-score": 0.9090909090909091,
        "support": 2500.0
      },
      "positive": {
        "precision": 0.9019607843137255,
        "recall": 0.92,
        "f1-score": 0.9108910891089109,
        "support": 2500.0
      },
      "accuracy": 0.91,
      "macro avg": {
        "precision": 0.9101640656262505,
        "recall": 0.91,
        "f1-score": 0.90999099909991,
        "support": 5000.0
      },
      "weighted avg": {
        "precision": 0.9101640656262505,
        "recall": 0.91,
        "f1-score": 0.90999099909991,
        "support": 5000.0
      }
    }
  },
  "generated_at": "2026-04-19T17:33:45.320911+00:00",
  "notes": "Split trước, fit vectorizer trên train, evaluate trên val/test để tránh leakage."
}